{
    "first_join": {
        "category": "record",
        "sounds":[
            {
                "name": "first_join",
                "stream": true
            }
        ]
    },
    "first_join_winter": {
        "category": "record",
        "sounds":[
            {
                "name": "first_join_winter",
                "stream": true
            }
        ]
    },
    "lobby_spring": {
        "category": "record",
        "sounds":[
            {
                "name": "lobby_spring",
                "stream": true
            }
        ]
    },
    "lobby_summer": {
        "category": "record",
        "sounds":[
            {
                "name": "lobby_summer",
                "stream": true
            }
        ]
    },
    "lobby_fall": {
        "category": "record",
        "sounds":[
            {
                "name": "lobby_fall",
                "stream": true
            }
        ]
    },
    "lobby_winter": {
        "category": "record",
        "sounds":[
            {
                "name": "lobby_winter",
                "stream": true
            }
        ]
    },
    "lobby_spring_special": {
        "category": "record",
        "sounds":[
            {
                "name": "lobby_spring_special",
                "stream": true
            }
        ]
    },
    "lobby_summer_special": {
        "category": "record",
        "sounds":[
            {
                "name": "lobby_summer_special",
                "stream": true
            }
        ]
    },
    "lobby_fall_special": {
        "category": "record",
        "sounds":[
            {
                "name": "lobby_fall_special",
                "stream": true
            }
        ]
    },
    "lobby_christmas": {
        "category": "record",
        "sounds":[
            {
                "name": "lobby_christmas",
                "stream": true
            }
        ]
    },
    "lobby_happy_new_year": {
        "category": "record",
        "sounds":[
            {
                "name": "lobby_happy_new_year",
                "stream": true
            }
        ]
    },
    "lobby_new_year": {
        "category": "record",
        "sounds":[
            {
                "name": "lobby_new_year",
                "stream": true
            }
        ]
    },
    "lobby_firework": {
        "category": "record",
        "sounds":[
            {
                "name": "lobby_firework",
                "stream": true
            }
        ]
    },
    "lobby_event": {
        "category": "record",
        "sounds":[
            {
                "name": "lobby_event",
                "stream": true
            }
        ]
    }
}